{"stats":{"minecraft:used":{"minecraft:crafting_table":2,"minecraft:oak_sign":2},"minecraft:custom":{"minecraft:time_since_rest":12175,"minecraft:open_chest":2,"minecraft:play_time":12175,"minecraft:sprint_one_cm":13048,"minecraft:walk_one_cm":47940,"minecraft:jump":65,"minecraft:leave_game":1,"minecraft:time_since_death":12175,"minecraft:total_world_time":12175,"minecraft:fall_one_cm":896,"minecraft:interact_with_crafting_table":2,"minecraft:fly_one_cm":8996},"minecraft:crafted":{"minecraft:oak_planks":16,"minecraft:oak_sign":3,"minecraft:crafting_table":1,"minecraft:stick":4},"minecraft:mined":{"minecraft:oak_log":4,"minecraft:tall_grass":4,"minecraft:oak_wall_sign":2,"minecraft:oak_leaves":3,"minecraft:crafting_table":2},"minecraft:picked_up":{"minecraft:iron_chestplate":1,"minecraft:crafting_table":2,"minecraft:oak_sign":2,"minecraft:wheat_seeds":1,"minecraft:oak_log":4}},"DataVersion":3465}