{"stats":{"minecraft:mined":{"minecraft:sand":3},"minecraft:picked_up":{"minecraft:sand":3},"minecraft:used":{"minecraft:sand":3},"minecraft:custom":{"minecraft:jump":86,"minecraft:time_since_rest":15514,"minecraft:leave_game":1,"minecraft:sprint_one_cm":12861,"minecraft:play_time":15514,"minecraft:damage_taken":135,"minecraft:time_since_death":15514,"minecraft:walk_one_cm":8890,"minecraft:sneak_time":4,"minecraft:total_world_time":15514,"minecraft:fall_one_cm":4063,"minecraft:fly_one_cm":27474}},"DataVersion":3465}