{"stats":{"minecraft:crafted":{"minecraft:oak_planks":24,"minecraft:crafting_table":2,"minecraft:stick":16,"minecraft:wooden_pickaxe":1,"minecraft:stone_pickaxe":1,"minecraft:white_bed":1,"minecraft:stone_axe":1},"minecraft:killed_by":{"minecraft:zombie":2},"minecraft:mined":{"minecraft:carrots":2,"minecraft:dandelion":1,"minecraft:grass":9,"minecraft:grass_block":5,"minecraft:oak_log":6,"minecraft:beetroots":2,"minecraft:tall_grass":3,"minecraft:stone":12,"minecraft:oak_planks":1,"minecraft:oak_leaves":1},"minecraft:killed":{"minecraft:sheep":3,"minecraft:zombie":1,"minecraft:pig":1,"minecraft:creeper":1},"minecraft:used":{"minecraft:beetroot":2,"minecraft:oak_planks":3,"minecraft:wooden_pickaxe":12,"minecraft:rotten_flesh":3,"minecraft:stone_axe":12,"minecraft:dirt":4,"minecraft:crafting_table":2,"minecraft:carrot":2,"minecraft:white_bed":1,"minecraft:potato":2},"minecraft:dropped":{"minecraft:oak_log":1},"minecraft:picked_up":{"minecraft:stick":3,"minecraft:dandelion":1,"minecraft:porkchop":3,"minecraft:oak_log":8,"minecraft:carrot":7,"minecraft:gunpowder":1,"minecraft:dirt":18,"minecraft:rotten_flesh":7,"minecraft:beetroot":2,"minecraft:beetroot_seeds":4,"minecraft:wheat_seeds":1,"minecraft:oak_sapling":3,"minecraft:mutton":5,"minecraft:oak_planks":1,"minecraft:white_wool":3,"minecraft:cobblestone":12},"minecraft:custom":{"minecraft:time_since_rest":1761,"minecraft:sprint_one_cm":29555,"minecraft:damage_taken":740,"minecraft:walk_one_cm":65923,"minecraft:mob_kills":6,"minecraft:drop":1,"minecraft:damage_dealt":780,"minecraft:talked_to_villager":3,"minecraft:interact_with_crafting_table":4,"minecraft:fly_one_cm":46445,"minecraft:open_chest":6,"minecraft:crouch_one_cm":1985,"minecraft:play_time":35713,"minecraft:deaths":2,"minecraft:sneak_time":1571,"minecraft:jump":299,"minecraft:leave_game":1,"minecraft:time_since_death":19271,"minecraft:sleep_in_bed":1,"minecraft:total_world_time":35713,"minecraft:fall_one_cm":8438}},"DataVersion":3465}