{"stats":{"minecraft:killed_by":{"minecraft:zombie":2},"minecraft:killed":{"minecraft:zombie":1,"minecraft:creeper":1},"minecraft:mined":{"minecraft:grass":1,"minecraft:grass_block":2},"minecraft:used":{"minecraft:dirt":2},"minecraft:picked_up":{"minecraft:rotten_flesh":7,"minecraft:gunpowder":1,"minecraft:dirt":2},"minecraft:custom":{"minecraft:time_since_rest":7486,"minecraft:open_chest":3,"minecraft:crouch_one_cm":1941,"minecraft:sprint_one_cm":11250,"minecraft:play_time":23713,"minecraft:deaths":2,"minecraft:damage_taken":585,"minecraft:walk_one_cm":23115,"minecraft:sneak_time":1538,"minecraft:mob_kills":2,"minecraft:jump":112,"minecraft:damage_dealt":440,"minecraft:leave_game":1,"minecraft:time_since_death":7271,"minecraft:total_world_time":23713,"minecraft:talked_to_villager":3,"minecraft:fall_one_cm":3366,"minecraft:fly_one_cm":20166}},"DataVersion":3465}