{"stats":{"minecraft:custom":{"minecraft:jump":74,"minecraft:time_since_rest":2005,"minecraft:damage_dealt":26,"minecraft:leave_game":1,"minecraft:sprint_one_cm":7529,"minecraft:deaths":2,"minecraft:play_time":18232,"minecraft:damage_taken":585,"minecraft:time_since_death":1790,"minecraft:walk_one_cm":9992,"minecraft:total_world_time":18232,"minecraft:talked_to_villager":1,"minecraft:fall_one_cm":2112,"minecraft:fly_one_cm":11512},"minecraft:killed_by":{"minecraft:zombie":2}},"DataVersion":3465}