{
  "minecraft:recipes/decorations/crafting_table": {
    "criteria": {
      "unlock_right_away": "2024-07-04 01:35:47 +0000"
    },
    "done": true
  },
  "minecraft:adventure/adventuring_time": {
    "criteria": {
      "minecraft:plains": "2024-07-04 01:35:47 +0000"
    },
    "done": false
  },
  "minecraft:adventure/root": {
    "criteria": {
      "killed_by_something": "2024-07-04 01:38:20 +0000"
    },
    "done": true
  },
  "cyanwarriorswordsredux:recipes/craft_earth_essence": {
    "criteria": {
      "has_item": "2024-07-04 02:19:11 +0000"
    },
    "done": true
  },
  "cyanwarriorswordsredux:recipes/upgrade_sword_fire": {
    "criteria": {
      "has_item": "2024-07-04 02:19:11 +0000"
    },
    "done": true
  },
  "cyanwarriorswordsredux:recipes/from_abilitytotem": {
    "criteria": {
      "has_item": "2024-07-04 02:19:11 +0000"
    },
    "done": true
  },
  "cyanwarriorswordsredux:recipes/craft_wind_essence": {
    "criteria": {
      "has_item": "2024-07-04 02:19:11 +0000"
    },
    "done": true
  },
  "cyanwarriorswordsredux:recipes/craft_triender_fire": {
    "criteria": {
      "has_item": "2024-07-04 02:19:11 +0000"
    },
    "done": true
  },
  "minecraft:adventure/kill_all_mobs": {
    "criteria": {
      "minecraft:creeper": "2024-07-04 02:23:34 +0000",
      "minecraft:zombie": "2024-07-04 02:22:41 +0000"
    },
    "done": false
  },
  "cyanwarriorswordsredux:recipes/smelt_furnace": {
    "criteria": {
      "has_item": "2024-07-04 02:19:11 +0000"
    },
    "done": true
  },
  "cyanwarriorswordsredux:recipes/upgrade_sword_beast": {
    "criteria": {
      "has_item": "2024-07-04 02:19:11 +0000"
    },
    "done": true
  },
  "cyanwarriorswordsredux:recipes/upgrade_sword_wind": {
    "criteria": {
      "has_item": "2024-07-04 02:19:11 +0000"
    },
    "done": true
  },
  "cyanwarriorswordsredux:recipes/upgrade_sword_dark": {
    "criteria": {
      "has_item": "2024-07-04 02:19:11 +0000"
    },
    "done": true
  },
  "cyanwarriorswordsredux:recipes/upgrade_sword_light": {
    "criteria": {
      "has_item": "2024-07-04 02:19:11 +0000"
    },
    "done": true
  },
  "cyanwarriorswordsredux:recipes/craft_thunder_essence": {
    "criteria": {
      "has_item": "2024-07-04 02:19:11 +0000"
    },
    "done": true
  },
  "cyanwarriorswordsredux:recipes/craft_beast_essence": {
    "criteria": {
      "has_item": "2024-07-04 02:19:11 +0000"
    },
    "done": true
  },
  "cyanwarriorswordsredux:recipes/craft_water_essence": {
    "criteria": {
      "has_item": "2024-07-04 02:19:11 +0000"
    },
    "done": true
  },
  "cyanwarriorswordsredux:recipes/upgrade_sword_water": {
    "criteria": {
      "has_item": "2024-07-04 02:19:11 +0000"
    },
    "done": true
  },
  "cyanwarriorswordsredux:recipes/craft_dark_essence": {
    "criteria": {
      "has_item": "2024-07-04 02:19:11 +0000"
    },
    "done": true
  },
  "cyanwarriorswordsredux:recipes/craft_mixed_essence": {
    "criteria": {
      "has_item": "2024-07-04 02:19:11 +0000"
    },
    "done": true
  },
  "cyanwarriorswordsredux:recipes/craft_light_essence": {
    "criteria": {
      "has_item": "2024-07-04 02:19:11 +0000"
    },
    "done": true
  },
  "cyanwarriorswordsredux:recipes/craft_meteothu_thu": {
    "criteria": {
      "has_item": "2024-07-04 02:19:11 +0000"
    },
    "done": true
  },
  "cyanwarriorswordsredux:recipes/upgrade_sword_earth": {
    "criteria": {
      "has_item": "2024-07-04 02:19:11 +0000"
    },
    "done": true
  },
  "minecraft:adventure/kill_a_mob": {
    "criteria": {
      "minecraft:zombie": "2024-07-04 02:22:41 +0000"
    },
    "done": true
  },
  "cyanwarriorswordsredux:recipes/craft_meteothu_meteo": {
    "criteria": {
      "has_item": "2024-07-04 02:19:11 +0000"
    },
    "done": true
  },
  "cyanwarriorswordsredux:recipes/craft_ender_essence": {
    "criteria": {
      "has_item": "2024-07-04 02:19:11 +0000"
    },
    "done": true
  },
  "cyanwarriorswordsredux:recipes/craft_triender_thunder": {
    "criteria": {
      "has_item": "2024-07-04 02:19:11 +0000"
    },
    "done": true
  },
  "cyanwarriorswordsredux:recipes/craft_triender_wind": {
    "criteria": {
      "has_item": "2024-07-04 02:19:11 +0000"
    },
    "done": true
  },
  "minecraft:recipes/misc/firework_rocket_simple": {
    "criteria": {
      "has_gunpowder": "2024-07-04 02:23:36 +0000"
    },
    "done": true
  },
  "minecraft:recipes/redstone/tnt": {
    "criteria": {
      "has_gunpowder": "2024-07-04 02:23:36 +0000"
    },
    "done": true
  },
  "cyanwarriorswordsredux:recipes/upgrade_sword_ender": {
    "criteria": {
      "has_item": "2024-07-04 02:19:11 +0000"
    },
    "done": true
  },
  "cyanwarriorswordsredux:recipes/upgrade_sword_thunder": {
    "criteria": {
      "has_item": "2024-07-04 02:19:11 +0000"
    },
    "done": true
  },
  "cyanwarriorswordsredux:recipes/craft_fire_essence": {
    "criteria": {
      "has_item": "2024-07-04 02:19:11 +0000"
    },
    "done": true
  },
  "cyanwarriorswordsredux:recipes/basic_swords": {
    "criteria": {
      "has_item": "2024-07-04 02:19:11 +0000"
    },
    "done": true
  },
  "DataVersion": 3465
}